0,47
1,37
2,16
3,4
4,5
5,36
6,3
7,16
8,12
9,38
10,4
11,43
12,35
13,12
14,18
15,26
16,44
17,2
18,44
19,2
20,43
21,14
22,4
23,33
24,32
25,43
26,23
27,24
28,45
29,31
2760,43
31,44
32,15
33,5
34,23
35,4
36,18
37,43
38,4
39,36
40,4
41,43
42,3
43,17
44,19
45,3
46,4
47,43
48,24
49,30
50,43
51,43
52,9
53,43
54,43
55,13
56,20
57,43
58,5
59,5
60,23
61,43
62,4
63,29
64,3
65,3
66,35
67,43
68,43
69,4
70,22
71,36
72,26
73,43
74,20
75,38
76,4
77,22
78,24
79,4
80,4
81,10
82,9
83,9
84,3
85,3
86,43
87,42
88,4
89,36
90,4
91,27
92,0
93,43
94,34
95,9
96,43
97,21
98,43
99,42
100,5
101,47
102,4
103,1
104,4
105,16
106,38
107,42
108,3
109,20
110,43
111,25
112,37
113,9
114,3
115,13
116,44
117,27
118,24
119,22
120,19
121,43
122,27
123,43
124,1
125,1
126,43
127,32
128,15
129,9
130,18
131,10
132,10
133,1
134,38
135,29
136,48
137,36
138,33
139,9
140,4
141,25
142,10
143,15
144,4
145,40
146,24
147,3
148,24
149,27
150,3
151,22
152,43
153,25
154,4
155,14
156,20
157,3
158,9
159,4
160,48
161,4
162,29
163,48
164,5
165,9
166,3
167,4
168,36
169,8
170,10
171,27
172,5
173,9
174,35
175,18
176,10
177,4
178,20
179,42
180,4
181,3
182,1
183,1
184,4
185,7
186,4
187,24
188,4
189,4
190,49
191,48
192,43
193,25
194,23
195,27
196,37
197,27
198,4
199,43
200,4
201,3
202,9
203,4
204,1
1724,35
206,13
207,9
208,47
209,4
210,18
211,36
212,3
213,3
214,34
215,15
216,35
217,4
218,37
219,34
220,4
221,45
222,4
223,48
224,10
225,40
226,4
227,3
228,16
229,4
230,4
231,49
232,19
233,4
234,9
235,4
236,19
237,17
238,35
239,37
240,9
241,43
242,20
243,4
244,31
245,14
1065,36
247,18
248,14
249,45
250,14
251,4
252,32
253,40
254,3
255,4
256,15
257,18
258,13
259,36
260,43
261,10
262,4
263,4
264,9
265,15
266,38
267,40
268,4
269,16
270,36
271,15
272,36
273,27
274,14
275,43
276,2
277,9
278,40
279,43
280,24
281,5
282,4
283,4
284,14
285,4
286,24
287,3
288,9
289,17
290,29
291,43
292,47
293,40
294,4
295,31
296,45
297,3
298,34
299,43
300,5
301,4
302,36
303,4
304,4
305,37
306,36
307,5
308,43
309,34
310,9
311,36
312,4
313,4
314,22
315,35
316,18
317,14
318,36
319,3
320,4
321,10
322,45
323,42
324,4
325,43
326,8
327,44
328,43
329,43
330,32
331,17
332,47
333,4
334,4
335,45
336,27
337,34
338,4
339,3
340,34
341,18
342,23
343,47
344,20
345,43
346,9
347,9
348,4
349,11
350,22
351,9
352,14
353,4
354,14
355,4
356,9
357,32
358,45
359,2
360,5
361,38
362,17
363,29
364,35
365,50
366,43
367,9
368,40
369,31
370,40
371,38
372,24
373,3
374,22
375,43
376,1
377,34
378,18
379,47
380,31
381,36
382,10
383,4
384,4
385,40
386,5
387,10
388,22
389,31
390,36
391,37
392,3
393,42
394,43
395,34
396,19
397,43
398,43
399,43
400,31
401,4
402,32
403,4
404,49
405,9
406,4
407,43
408,5
409,4
410,9
411,47
412,4
413,3
414,35
415,43
416,35
417,12
418,34
419,9
420,9
421,43
422,31
423,15
424,15
425,17
426,43
427,4
428,9
429,4
430,4
431,28
432,1
433,32
434,34
435,19
436,35
437,5
438,14
439,4
440,43
441,27
442,4
443,10
444,38
445,15
446,16
447,43
448,29
449,45
450,20
451,4
452,34
453,43
454,36
455,37
456,34
457,27
458,37
459,37
460,19
461,4
462,9
463,4
464,31
465,9
466,4
467,36
468,42
469,45
470,33
471,4
472,43
473,4
474,43
475,36
476,30
477,4
478,4
479,4
480,43
481,3
482,43
483,4
484,43
485,31
486,24
487,17
488,37
489,27
490,44
491,3
492,14
493,4
494,24
495,4
496,33
497,10
498,14
499,4
500,5
501,43
502,14
503,50
504,9
505,10
506,4
507,19
508,4
509,9
510,22
511,48
512,9
513,16
514,42
515,50
516,1
517,4
518,47
519,4
520,42
521,43
522,9
523,5
524,3
525,16
526,35
527,43
528,10
529,9
530,10
531,48
532,38
533,36
534,35
535,40
536,50
537,4
538,23
539,4
540,27
541,18
542,10
543,33
544,9
545,18
546,40
547,40
548,18
549,5
550,32
551,44
552,33
553,4
554,43
555,4
556,32
557,32
558,3
559,43
560,4
561,38
562,45
563,15
564,4
565,14
566,17
567,48
568,11
569,45
570,42
571,47
572,17
573,43
574,43
575,33
576,4
577,26
578,27
579,4
580,40
581,27
582,47
583,15
584,36
585,4
586,3
587,13
588,43
589,43
590,4
591,4
592,35
593,32
594,4
595,34
596,43
597,20
598,6
599,4
600,4
601,33
602,15
603,4
604,43
605,43
606,4
607,24
608,22
609,47
610,27
611,4
612,35
613,1
614,47
615,20
616,27
617,23
618,4
619,16
620,45
621,34
622,33
623,9
624,1
625,31
626,27
627,32
628,38
629,9
630,3
631,9
632,42
633,42
634,44
635,4
636,4
637,4
638,43
639,43
640,44
641,34
642,43
643,33
644,43
645,14
646,36
647,3
648,5
649,49
650,35
651,32
652,3
653,4
654,41
655,4
656,43
657,30
658,15
659,27
660,4
661,45
662,45
663,9
664,18
665,32
666,4
667,0
668,48
669,24
670,0
671,4
672,34
673,15
674,4
675,4
676,38
677,5
678,1
679,42
680,12
681,36
682,43
683,17
684,4
685,18
686,4
687,9
688,4
689,18
690,41
691,22
692,17
693,4
694,42
695,18
696,1
697,45
698,15
699,43
700,4
701,4
702,9
703,9
704,43
705,4
706,9
707,4
708,44
709,43
710,20
711,45
712,8
713,9
714,5
715,23
716,35
717,3
718,14
719,18
720,32
721,4
722,10
723,43
724,4
725,9
726,41
727,23
728,49
729,3
730,37
731,43
732,4
733,1
734,14
735,43
736,31
737,35
738,36
739,9
740,20
741,19
742,6
743,4
744,22
745,14
746,4
747,18
748,40
749,43
750,36
751,25
752,10
753,9
754,4
755,1
756,9
757,35
758,33
759,35
760,47
761,4
762,43
763,4
764,25
765,43
766,4
767,38
768,9
769,4
770,4
771,17
772,4
773,32
774,18
775,12
776,4
777,4
778,22
779,18
780,4
781,17
782,4
783,9
784,4
785,35
786,48
787,0
788,10
789,20
790,7
791,9
792,10
793,4
794,25
795,9
796,37
797,35
798,42
799,17
800,43
801,43
802,36
803,43
804,9
805,5
806,1
807,23
808,4
809,13
810,7
811,18
812,24
813,43
814,4
815,4
816,49
817,36
818,24
819,40
820,37
821,33
822,27
823,40
824,43
825,49
826,4
827,4
828,4
829,5
830,26
831,5
832,32
833,4
834,40
835,20
836,4
837,42
838,4
839,10
840,4
841,4
842,38
843,23
844,27
845,10
846,43
847,9
848,40
849,43
850,10
851,31
852,43
853,9
854,22
855,9
856,9
857,7
858,4
859,10
860,36
861,4
862,33
863,5
864,35
865,43
866,23
867,31
868,33
869,24
870,3
871,24
872,4
873,24
874,43
875,35
876,24
877,3
878,4
879,29
880,5
881,10
882,43
883,21
884,4
885,5
886,4
887,4
888,4
889,43
890,32
891,29
892,38
893,3
894,43
895,48
896,24
897,4
898,9
899,47
900,35
901,50
902,34
903,35
904,17
905,15
906,40
907,4
908,3
909,15
910,42
911,4
912,36
913,38
914,4
915,43
916,43
917,47
918,5
919,18
920,42
921,33
922,4
923,4
924,33
925,49
926,20
927,27
928,4
929,35
930,4
931,35
932,42
933,32
934,45
935,4
936,4
937,43
938,4
939,10
940,18
941,38
942,9
943,5
944,4
945,46
946,9
947,32
948,22
949,18
950,22
951,4
952,4
953,3
954,14
955,14
956,13
957,25
958,3
959,18
960,45
961,4
962,4
963,4
964,33
965,4
966,43
967,41
968,26
969,27
970,18
971,36
972,47
973,42
974,27
975,4
976,4
977,38
978,14
979,32
980,17
981,48
982,10
983,47
984,20
985,4
986,35
987,5
988,38
989,0
990,45
991,42
992,47
993,14
994,4
995,49
996,22
997,4
998,43
999,37
1000,4
1001,49
1002,9
1003,24
1004,44
1005,3
1006,4
1007,1
1008,3
1009,9
1010,37
1011,3
1012,4
1013,43
1014,27
1015,10
1016,18
1017,1
1018,43
1019,36
1020,1
1021,33
1022,37
1023,2
1024,42
1025,32
1026,40
1027,42
1028,22
1029,43
1030,10
1031,47
1032,29
1033,37
1034,19
1035,43
1036,1
1037,14
1038,5
1039,10
1040,24
1041,9
1042,4
1043,38
2306,43
1045,7
1046,32
1047,4
1048,36
1049,9
1050,41
1051,3
1052,43
1053,24
1054,35
1055,43
1056,11
1057,9
1058,27
1059,37
4183,4
1061,35
1062,2
1063,38
1064,43
1065,18
1066,4
1067,11
1068,17
1069,20
1070,0
1071,23
1072,43
1073,27
1074,4
1075,35
1076,19
1077,43
1078,34
1079,18
1080,43
1081,45
1082,12
1083,9
1084,4
1085,4
1086,4
1087,32
1088,6
1089,24
1090,2
1091,35
1092,4
1093,4
1094,43
1095,10
1096,44
1097,42
1098,4
1099,32
1100,47
1101,25
1102,47
1103,3
1104,4
1105,4
1106,0
1107,5
1108,4
1109,43
1110,35
1111,18
1112,4
1113,3
1114,43
1115,24
1116,5
1117,3
1118,4
1119,48
1120,5
1121,1
1122,33
1123,16
1124,45
1125,41
1126,43
1127,1
1128,41
1129,27
1130,9
1131,43
1132,25
1133,20
1134,38
1135,3
1136,17
1137,34
1138,43
1139,43
1140,28
1141,4
1142,34
1143,4
1144,16
1145,26
1146,32
1147,9
1148,25
1149,33
1150,4
1151,43
1152,5
1153,45
1154,16
1155,14
1156,4
1157,27
1158,43
1159,43
1160,4
1161,43
1162,42
1163,1
1164,38
1165,47
1166,20
1167,14
1168,17
1169,15
1170,43
1171,4
1172,43
1173,27
1174,23
1175,9
1176,43
1177,43
1178,13
1179,45
1180,18
1181,14
1182,17
1183,45
1184,38
1185,15
1186,9
1187,6
1188,38
1189,46
1190,9
1191,45
1192,5
1193,4
1194,42
1195,19
1196,39
1197,4
1198,5
1199,32
1200,24
1201,19
1202,45
1203,40
1204,9
1205,24
1206,3
1207,32
1208,27
1209,43
1210,40
1211,23
1212,4
1213,4
1214,3
1215,10
1216,20
1217,20
1218,45
1219,33
1220,43
1221,43
1222,15
1223,1
1224,43
1225,48
1226,18
1227,23
1228,19
1229,15
1230,35
1231,42
1232,4
1233,4
1234,29
1235,4
1236,48
1237,22
1238,31
1239,38
1240,4
1241,34
1242,4
1243,33
1244,14
1245,5
1246,14
1247,9
1248,4
1249,43
1250,42
1251,16
1252,4
1253,36
1254,15
1255,14
1256,35
1257,43
1258,31
1259,34
1260,34
1261,20
1262,10
1263,27
1264,24
1265,1
1266,9
1267,2
1268,19
1269,43
1270,34
1271,9
1272,3
1273,48
1274,45
1275,2
1276,27
1277,5
1278,45
1279,32
1280,43
1281,10
1282,5
1283,44
1284,9
1285,13
1286,43
1287,47
1288,24
1289,48
1290,44
1291,3
1292,4
1293,9
1294,42
1295,40
1296,4
1297,38
1298,47
1299,24
1300,18
1301,48
1302,9
1303,49
1304,47
1305,9
1306,21
1307,4
1308,23
1309,25
1362,14
1311,43
1312,43
1313,19
1314,5
1315,4
1316,5
1317,36
1318,4
1319,9
1320,3
3450,9
1322,10
1323,14
1324,10
1325,4
1326,34
1327,24
1328,3
1329,33
1330,4
1331,4
1332,17
1333,9
1334,29
1335,40
1336,37
1337,3
1338,9
1339,19
1340,9
1341,5
1342,3
1343,37
1344,32
1345,36
1346,9
1347,23
1348,14
1349,14
1350,4
1351,32
1352,15
1353,1
1354,32
1355,43
1356,9
1357,27
1358,27
1359,37
1360,3
1361,37
1362,10
1363,17
1364,45
1365,27
1366,0
1367,3
1368,4
1369,1
1370,15
1371,9
1372,35
1373,11
1374,36
1375,4
1376,45
1377,10
1378,24
1379,1
1380,38
1381,43
1382,22
1383,27
1384,5
1385,47
1386,4
1387,25
1388,4
1389,9
1390,44
1391,17
1392,34
1393,1
1394,39
1395,47
1396,13
1397,24
1398,43
1399,4
1400,36
1401,48
1402,26
1403,5
1404,35
1405,32
1406,1
1407,4
1408,25
1409,34
1410,40
1411,3
1412,30
1413,50
1414,27
1415,5
1416,1
1417,9
1418,25
1419,10
1420,43
1421,48
1422,14
1423,31
1424,2
1425,43
1426,36
1427,9
1428,4
1429,9
1430,10
1431,22
1432,6
1433,29
1434,14
1435,12
1436,7
1437,10
1438,32
1439,8
1440,4
1441,11
1442,17
1443,18
1444,12
1445,48
1446,35
1447,5
1448,50
1449,40
1450,48
1451,10
1452,27
1453,42
1454,18
1455,33
1456,4
1457,40
1458,4
1459,7
1460,37
1461,4
1462,3
1463,18
1464,23
1465,36
1466,4
1467,4
1468,1
1469,3
1470,36
1471,43
1472,4
1473,14
1474,22
1475,34
1476,22
1477,0
1478,3
1479,34
1480,20
1481,27
1482,9
1483,31
1484,4
1485,48
1486,34
1487,18
1488,36
1489,36
1490,4
1491,14
1492,11
1493,49
1494,48
1495,4
1496,43
1497,4
1498,32
1499,15
1500,4
1501,48
1502,32
1503,18
1504,3
1505,3
1506,4
1507,26
1508,42
1509,33
1510,4
1511,14
1512,3
1513,4
1514,4
1515,1
1516,27
1517,17
1518,47
1519,31
1520,20
1521,40
1522,45
1523,4
1524,40
1525,23
1526,9
1527,13
1528,4
1529,44
1530,22
1531,45
1532,45
1533,10
1534,48
1535,35
1536,38
1537,17
1538,4
1539,27
1540,17
1541,40
1542,35
1543,4
1544,40
1545,47
1546,4
1547,18
1548,3
1549,36
1550,48
1551,3
1552,5
1553,4
1554,45
1555,42
1556,35
1557,27
1558,3
1559,4
1560,3
1561,4
1562,49
1563,47
1564,4
1565,27
1566,4
1567,16
1568,4
1569,32
1570,4
1571,4
1572,3
1573,48
1574,33
1575,42
1576,4
1577,32
1578,35
1579,43
1580,43
1581,9
1582,42
1583,4
1584,4
1585,33
1586,3
1587,49
1588,23
1589,27
1590,3
1591,4
1592,9
1593,43
1594,43
4800,5
1596,24
1597,35
1598,16
1599,4
4867,4
1601,32
1602,14
1603,24
1604,31
1605,47
1606,14
1607,4
1608,5
1609,43
1610,43
1611,29
1612,3
1613,42
1614,3
1615,10
1616,9
1617,22
1618,9
1619,4
1620,42
1621,47
1622,9
1623,49
1624,5
1625,7
1626,12
1627,4
1628,35
1629,3
1630,9
1631,43
1632,46
1633,17
1634,36
1635,4
1636,38
1637,1
1638,27
1639,23
1640,35
1641,43
1642,44
1643,43
1644,42
1645,9
1646,6
1647,27
1648,42
1649,5
1650,29
1651,4
1652,20
1653,43
1654,30
1655,13
1656,2
1657,43
1658,23
1659,4
1660,3
1661,38
1662,10
1663,3
1664,43
1665,31
1666,40
1667,22
1668,31
1669,35
1670,49
1671,4
1672,4
1673,14
1674,19
1675,31
1676,9
1677,2
1678,22
1679,5
1680,40
1681,10
1682,15
1683,1
1684,18
1685,2
1686,47
1687,4
1688,15
1689,34
1690,3
1691,4
1692,43
1693,35
1694,47
1695,4
1696,18
1697,19
1698,17
1699,47
1700,37
1701,43
1702,43
1703,4
1704,43
1705,4
1706,9
1707,2
1708,9
1709,22
1710,34
1711,36
1712,17
1713,35
1714,33
1715,9
1716,47
1717,36
1718,1
1719,23
1720,17
1721,5
1722,24
1723,2
1724,20
1725,20
1726,4
1727,43
1728,36
1729,26
1730,43
1731,10
1732,23
1733,4
1734,35
1735,19
1736,3
1737,43
1738,4
1739,4
1740,35
1741,33
1742,18
1743,44
1744,27
1745,4
1746,34
1747,9
1748,36
1749,49
1750,43
1751,40
1752,31
1753,1
1754,49
1755,4
1756,17
1757,38
1758,5
1759,35
1760,4
1761,16
1762,3
1763,43
1764,9
1765,5
1766,13
1767,10
1768,0
1769,3
1770,4
1771,36
1772,38
1773,43
1774,4
1775,4
1776,10
1777,14
1778,9
1779,9
1780,4
1781,34
1782,4
1783,43
1784,24
1785,24
1786,4
1787,4
1788,43
1789,27
1790,31
1791,9
1792,14
1793,14
1794,25
1795,3
1796,3
1797,21
1798,14
1799,18
1800,16
1801,35
1802,4
1803,27
1804,19
1805,43
1806,15
1807,40
1808,24
1809,47
1810,3
1811,2
1812,17
1813,1
1814,32
1815,35
1816,15
1817,16
1818,9
1819,37
1820,9
1821,43
1822,43
1823,12
1824,27
1825,11
1826,27
1827,38
1828,40
1829,15
1830,49
1831,43
1832,3
1833,16
1834,29
1835,4
1836,10
1837,38
1838,20
1839,10
1840,4
1841,42
1842,4
1843,47
1844,4
1845,47
1846,36
1847,27
1848,43
1849,36
1850,33
1851,1
1852,4
1853,20
1854,37
1855,27
1856,9
1857,4
1858,7
1859,37
1860,9
1861,43
1862,14
1863,43
1864,42
1865,9
1866,9
1867,38
1868,23
1869,35
1870,14
1871,10
1872,43
1873,43
1874,24
1875,43
1876,34
1877,34
1878,4
1879,17
1880,15
1881,4
1882,42
1883,38
1884,14
1885,49
1886,36
1887,20
1888,5
1889,24
1890,32
1891,10
1892,3
1893,24
1894,4
1895,42
1896,23
1897,4
1898,31
1899,9
1900,23
1901,45
1902,11
1903,43
1904,34
1905,4
1906,14
1907,4
1908,47
1909,10
1910,17
1911,45
1912,42
1913,4
1914,36
1915,43
1916,4
1917,15
1918,28
1919,4
1920,45
1921,43
1922,24
1923,9
1924,25
1925,33
1926,21
1927,38
1928,4
1929,4
1930,10
1931,14
1932,8
1933,18
1934,4
1935,24
1936,18
1937,4
1938,32
1939,22
1940,13
1941,38
1942,1
1943,25
1944,48
1945,27
1946,20
1947,10
1948,35
1949,4
1950,43
1951,47
1952,48
1953,3
1954,4
1955,36
1956,47
1957,4
1958,4
4867,4
1960,43
1961,4
1962,48
1963,9
1964,43
1965,4
1966,43
1967,27
1968,27
1969,49
1970,14
1971,43
1972,24
1973,9
1974,10
1975,4
1976,35
1977,5
1978,9
1979,5
1980,4
1981,42
1982,20
1983,35
1984,17
1985,1
1986,15
1987,36
1988,14
1989,37
1990,35
1991,47
1992,47
1993,42
1994,21
1995,21
1996,36
1997,27
1998,31
1999,14
2000,40
2001,11
2002,24
2003,17
2004,27
2005,4
2006,42
2007,3
2008,22
2009,35
2010,15
2011,15
2012,27
2013,24
2014,4
2015,34
2016,43
2017,4
2018,4
2019,43
2020,36
2021,0
2022,4
2023,21
2024,27
2025,35
2026,34
2027,2
2028,3
2029,24
2030,9
2031,37
2032,24
2033,44
2034,44
2035,5
2036,43
2037,49
2038,43
2039,16
2040,35
2041,33
2042,7
2043,38
2044,17
2045,43
2046,4
2047,10
2048,9
2049,4
2050,44
2051,9
2052,27
2053,48
2054,43
2055,9
2056,18
2057,43
2058,48
2059,4
2060,3
2061,33
2062,31
2063,5
2064,4
2065,36
2066,40
2067,4
2068,4
2069,35
2070,4
2071,38
2072,27
2073,4
2074,4
2075,4
2076,43
2077,18
2078,47
2079,4
2080,35
2081,4
2082,20
2083,31
2084,47
2085,5
2086,9
2087,4
2088,23
2089,3
2090,22
2091,48
2092,9
2093,42
2094,27
2095,21
2096,42
2097,4
2098,16
2099,13
2100,10
2101,24
2102,9
2103,9
2104,9
2105,17
2106,18
2107,48
2108,47
2109,2
2110,3
2111,20
2112,4
2113,43
2114,4
2115,4
2116,2
2117,0
2118,9
2119,42
2120,25
2121,20
2122,15
2123,22
2124,42
2125,14
2126,36
2127,8
2128,17
2129,43
2130,31
2131,9
2132,18
2133,40
2134,4
2135,43
2136,4
2137,15
2138,2
2139,35
2140,35
2141,9
2142,9
2143,31
2144,41
2145,48
2146,4
2147,35
4867,43
2149,4
2150,3
2151,16
2152,6
2153,47
2154,28
2155,2
2156,4
2157,35
2158,4
2159,23
2160,42
2161,49
2162,8
2163,36
2164,47
2165,40
2166,3
2167,3
2168,43
2169,37
2170,4
2171,15
2172,35
2173,3
2174,38
2175,43
2176,37
2177,43
2178,31
2179,43
2180,4
2181,10
2182,38
2183,35
2184,9
2185,8
2186,41
2187,10
2188,4
2189,43
2190,11
2191,45
2192,32
2193,36
2194,4
2195,22
2196,43
2197,43
2198,43
2199,4
2200,22
2201,10
2202,4
2203,43
2204,4
2205,1
2206,34
2207,33
2208,43
2209,4
2210,4
2211,6
2212,9
2213,5
2214,40
2215,35
2216,22
2217,37
2218,24
2219,4
4867,43
2221,26
2222,1
2223,9
2224,38
2225,48
2226,24
2227,3
2228,45
2229,3
2230,45
2231,42
2232,4
2233,36
2234,7
2235,3
2236,4
2237,26
2238,45
2239,38
2240,21
2241,4
2242,48
2243,38
2244,18
2245,9
2246,13
2247,33
2248,4
2249,42
2250,3
2251,35
4867,4
2253,0
2254,32
2255,24
2256,3
2257,42
2258,27
2259,21
2260,4
2261,44
2262,4
2263,5
2264,33
2265,9
2266,1
2267,25
2268,36
2269,14
2270,43
2271,3
2272,9
2273,4
2274,17
2275,9
2276,9
2277,43
2278,21
2279,4
2280,24
2281,20
2282,27
2283,4
2284,4
2285,5
2286,36
2287,38
2288,14
2289,9
2290,36
2291,47
2292,12
2293,43
2294,48
2295,43
2296,17
2297,18
2298,4
2299,14
2300,30
2301,18
2302,24
2303,45
2304,42
2305,47
2306,30
2307,25
2308,4
2309,4
2310,25
2311,4
2312,4
2313,41
2314,47
2315,48
2316,0
2317,43
2318,4
2319,42
2320,35
2321,16
2322,33
2323,24
2324,36
2325,4
2326,4
2327,3
2328,37
2329,1
2330,36
2331,47
2332,40
2333,36
2334,3
2335,32
2336,43
2337,42
2338,15
2339,4
2340,10
2341,9
2342,5
2343,5
2344,3
2345,14
2346,5
2347,45
2348,47
2349,15
2350,37
2351,10
2352,32
2353,35
2354,44
2355,14
2356,47
2357,5
2358,4
2359,34
2360,12
2361,14
2362,36
2363,4
2364,21
2365,9
2366,18
2367,10
4867,1
2369,35
2370,47
2371,9
2372,27
2373,35
2374,47
2375,14
2376,35
2377,20
2378,23
2379,48
2380,33
2381,24
2382,16
2383,3
2384,36
2385,40
2386,4
2387,3
2388,9
2389,3
2390,4
2391,23
2392,4
2393,43
2394,45
2395,32
2396,45
2397,43
2398,1
2399,37
2400,4
2401,32
2402,22
2403,24
2404,24
2405,4
2406,43
2407,19
2408,48
2409,25
2410,4
2411,24
2412,45
2413,9
2414,3
2415,2
2416,3
2417,43
2418,9
2419,35
2420,4
2421,47
2422,4
2423,4
2424,18
2425,4
2426,32
2427,34
2428,24
2429,13
2430,4
2431,34
2432,48
2433,32
2434,4
2435,43
2436,4
2437,27
2438,4
2439,33
2440,18
2441,4
2442,10
2443,49
2444,35
2445,15
2446,40
2447,33
4867,4
2449,25
2450,22
2451,38
2452,35
2453,4
2454,42
2455,24
2456,31
2457,16
2458,24
2459,16
2460,14
2461,47
2462,15
2463,4
2464,38
2465,47
2466,10
2467,48
2468,42
2469,44
2470,47
2471,5
2472,9
2473,10
2474,4
2475,4
2476,1
2477,3
2478,38
2479,9
2480,1
2481,2
2482,31
2483,27
2484,5
2485,48
2486,35
2487,48
2488,24
2489,32
2490,4
2491,4
2492,4
2493,16
2494,22
2495,4
2496,31
2497,9
2498,9
2499,10
2500,2
2501,32
2502,35
2503,17
2504,6
2505,16
2506,15
2507,18
2508,43
2509,9
2510,4
2511,4
2512,9
2513,46
2514,48
2515,19
2516,48
2517,47
2518,35
2519,40
2520,35
2521,10
2522,9
2523,27
2524,4
2525,34
2526,4
2527,43
2528,24
2529,4
2530,3
2531,27
2532,47
2533,43
2534,14
2535,26
2536,42
2537,4
2538,3
2539,49
2540,45
2541,9
2542,4
2543,10
2544,47
2545,49
2546,4
2547,1
2548,27
2549,45
2550,18
2551,4
2552,36
2553,14
2554,1
2555,36
2556,47
2557,5
2558,43
2559,4
2560,4
4867,5
2562,3
2563,25
2564,9
2565,4
2566,15
2567,9
2568,33
2569,42
2570,37
2571,13
2572,4
2573,9
2574,10
2575,44
2576,16
2577,15
2578,9
2579,9
2580,12
2581,38
2582,0
2583,5
2584,24
2585,27
2586,18
2587,24
2588,47
2589,34
2590,10
2591,3
2592,10
2593,16
2594,23
2595,1
2596,43
2597,5
2598,38
2599,9
2600,4
2601,9
2602,49
2603,45
2604,3
2605,4
2606,17
2607,9
2608,3
2609,25
2610,3
2611,5
2612,1
2613,3
2614,17
2615,45
2616,4
2617,20
2618,40
2619,3
2620,4
2621,43
2622,45
2623,3
2624,9
2625,27
2626,43
2627,1
2628,35
2629,36
2630,4
2631,35
2632,4
2633,33
2634,24
2635,48
2636,4
2637,17
2638,28
2639,38
2640,6
2641,43
2642,9
2643,35
2644,1
2645,34
2646,9
2647,5
2648,48
2649,37
2650,25
2651,5
2652,15
2653,38
2654,47
2655,4
2656,4
2657,42
2658,43
2659,32
2660,1
2661,17
2662,4
2663,9
2664,9
2665,1
2666,2
2667,25
2668,5
2669,26
2670,15
2671,4
2672,25
2673,32
2674,14
2675,45
4867,4
2677,10
2678,33
2679,10
2680,42
2681,45
2682,48
2683,27
3348,39
2685,25
2686,17
2687,17
2688,18
2689,3
2690,23
2691,5
4867,25
2693,32
2694,12
2695,33
2696,18
2697,19
2698,34
2699,18
2700,4
2701,36
2702,0
2703,4
4867,25
2705,34
2706,43
2707,32
2708,32
2709,18
2710,45
2711,49
2712,1
2713,26
2714,17
2715,40
2716,12
2717,25
2718,37
2719,24
2720,24
2721,1
2722,22
2723,43
2724,3
2725,32
2726,4
2727,1
2728,4
2729,4
2730,22
2731,33
2732,47
2733,14
2734,27
2735,4
2736,40
2737,4
2738,4
2739,5
2740,43
2741,10
2742,34
2743,45
2744,9
2745,50
2746,48
2747,5
2748,38
2749,3
2750,4
2751,8
2752,2
2753,4
2754,36
2755,26
2756,6
2757,42
2758,9
2759,22
2760,35
2761,43
2762,5
2763,23
2764,43
2765,0
2766,15
2767,4
2768,47
2769,38
2770,16
2771,45
2772,15
2773,4
2774,43
2775,10
2776,2
2777,9
2778,43
2779,2
2780,24
2781,4
2782,13
2783,48
2784,24
2785,35
2786,4
2787,32
2788,2
2789,36
2790,43
2791,48
2792,9
2793,38
2794,1
2795,32
2796,9
2797,4
2798,45
2799,47
2800,3
2801,42
2802,4
2803,24
2804,24
2805,4
2806,4
2807,43
2808,40
2809,27
2810,33
2811,4
2812,17
2813,37
2814,35
2815,37
2816,27
2817,4
3744,37
2819,46
2820,43
2821,13
2822,5
2823,36
2824,12
2825,42
2826,48
2827,3
2828,35
2829,38
2830,15
2831,23
2832,10
2833,9
2834,43
2835,16
2836,9
2837,47
2838,22
2839,43
2840,36
2841,31
2842,5
2843,36
2844,10
2845,43
2846,9
2847,13
2848,33
2849,22
2850,20
2851,43
2852,43
2853,10
2854,43
2855,33
2856,14
2857,14
2858,15
2859,25
2860,43
2861,17
2862,20
2863,10
2864,43
4867,43
2866,34
2867,43
2868,36
2869,23
2870,5
2871,35
2872,38
2873,14
2874,36
2875,43
2876,17
2877,10
2878,26
2879,27
2880,10
2881,19
2882,25
2883,4
2884,4
2885,5
2886,9
2887,5
2888,4
2889,9
2890,4
2891,9
2892,10
2893,10
2894,3
2895,35
2896,5
2897,3
2898,9
2899,46
2900,38
2901,9
2902,4
2903,5
2904,4
2905,15
2906,15
2907,24
2908,1
2909,3
2910,44
2911,27
2912,9
2913,49
2914,49
2915,9
2916,32
2917,36
2918,43
2919,43
2920,43
2921,20
2922,1
2923,28
2924,3
2925,25
2926,43
2927,42
2928,3
2929,45
2930,15
2931,49
2932,36
2933,50
4867,4
2935,35
2936,3
2937,16
2938,24
2939,4
2940,43
2941,40
2942,13
2943,9
2944,5
2945,45
2946,3
2947,38
2948,3
2949,3
2950,3
2951,43
2952,3
2953,25
2954,38
2955,13
2956,10
2957,9
2958,1
2959,17
2960,32
2961,15
2962,15
2963,5
2964,4
2965,43
2966,24
2967,4
2968,43
2969,43
2970,45
2971,0
2972,9
2973,3
2974,43
2975,37
2976,4
2977,4
2978,32
2979,43
2980,14
2981,22
2982,22
2983,27
2984,28
2985,5
2986,34
2987,4
2988,44
2989,37
2990,18
2991,3
2992,42
2993,42
2994,47
2995,27
2996,4
2997,4
2998,4
2999,17
3000,2
3001,5
3002,40
3003,17
3004,27
3005,9
3006,31
3007,36
3008,36
3009,9
3010,4
3011,43
3012,14
3013,43
3014,43
3015,43
3016,9
3017,22
3018,3
3019,3
3020,0
3021,0
3022,35
3023,43
3024,45
3025,27
3026,9
3027,13
3028,1
3029,3
3030,36
3031,38
3032,17
3033,1
3034,40
3035,3
3036,43
3037,49
3038,42
3039,33
3040,27
3041,4
3042,36
3043,33
3044,43
3045,18
3046,18
3047,9
3048,27
3049,22
3050,43
3051,24
3052,3
3053,1
3054,36
3055,43
3056,34
3057,3
3058,3
3059,34
3060,38
3061,15
3062,4
3063,4
3064,49
3065,15
3066,33
3067,33
3068,2
3069,47
3070,37
3071,4
3072,4
3073,45
3074,44
3075,17
3076,4
3077,36
3078,22
3079,26
3080,26
3081,4
3082,22
3083,18
3084,4
3085,34
3086,27
3087,18
3088,10
3089,23
3090,2
3091,38
3092,43
3093,5
3094,31
3095,3
3096,10
3097,3
3098,4
3099,26
3100,44
3101,10
3102,36
3103,17
3104,10
3105,24
3106,9
3107,44
3108,22
3109,4
3110,9
3111,14
3112,12
3113,42
3114,22
3115,17
3116,43
3117,17
3118,5
3119,17
3120,5
3121,43
3122,4
3123,10
3124,5
3125,4
3126,9
3127,18
4867,4
3129,27
3130,12
3131,35
3132,43
3133,41
3134,27
3135,16
3136,43
3137,10
3138,4
3139,43
3140,15
3141,35
3142,24
3143,35
3144,36
3145,10
3146,50
3147,9
3148,36
3149,10
3150,48
3151,3
3152,2
3153,38
3154,45
3155,5
3156,25
3157,42
3158,38
3159,18
3160,15
3161,36
3162,13
3163,35
3164,45
3165,18
3166,20
3167,22
3168,21
3169,14
3170,43
3171,45
3172,9
3173,35
3174,36
3175,43
3176,37
3177,33
3178,35
3179,5
3180,17
3181,4
3182,2
3183,43
3184,14
3185,48
3186,43
3187,9
3188,35
3189,43
3190,5
3191,43
3192,4
3193,5
3194,44
3195,3
3196,4
3197,44
3198,4
3199,9
3200,4
3201,27
3202,9
3203,11
4867,4
3205,14
3206,36
3207,4
3208,24
3209,43
3210,27
3211,14
3212,34
3213,10
3214,35
3215,32
3216,43
3217,15
3218,47
3219,25
3220,31
3221,31
3222,43
3223,5
3224,20
3225,4
3226,14
3227,3
3228,7
3229,10
3230,31
3231,35
3232,9
3233,10
3234,33
3235,24
3236,24
3237,24
3238,47
3239,14
3240,34
3241,32
3242,31
3243,44
3244,10
3245,10
3246,38
3247,32
3248,10
3249,37
3250,35
3251,31
3252,45
3253,34
3254,23
3255,18
3256,37
3257,13
3258,11
3259,43
3260,43
3261,25
3262,5
3263,5
3264,2
3265,9
3266,4
3267,37
3268,3
3269,0
3270,42
3271,22
3272,13
3273,24
3274,12
3275,14
3276,27
3277,14
3278,36
3279,5
3280,4
3281,28
3282,17
3283,3
3284,9
3285,4
3286,16
3287,0
3288,37
3289,9
3290,31
3291,3
3292,28
3293,43
3294,9
3295,50
3296,4
3297,33
3298,43
3299,23
3300,14
3301,40
3302,24
3303,43
3304,32
3305,12
3306,33
3307,3
3308,27
3309,32
3310,27
3311,43
3312,14
3313,4
3314,4
3315,43
3316,11
3317,9
3318,4
3319,3
3320,3
3321,35
3322,4
3323,4
3324,36
3325,5
3326,4
3327,4
3328,27
3329,45
3330,20
3331,42
3332,9
3333,37
3334,47
3335,42
3336,43
3337,3
3338,42
3339,42
3340,47
3341,14
3342,4
3343,2
3344,11
3345,10
3346,4
3347,35
3348,38
3349,18
3350,27
3351,5
3352,2
3353,3
3354,20
3355,3
3356,43
3357,45
3358,9
3359,2
3360,2
3361,47
3362,9
3363,24
3364,9
3365,23
3366,32
3367,2
3368,33
3369,10
3370,38
3371,15
3372,4
3373,3
3374,18
3375,42
3376,4
3377,29
3378,38
3379,27
3380,20
3381,35
3382,18
3383,48
3384,4
3385,45
3386,36
3387,48
3388,12
4867,4
3390,9
3391,0
3392,43
3393,4
3394,4
3395,3
3396,4
3397,10
3398,26
3399,38
3400,30
3401,32
3402,35
3403,40
3404,35
3405,4
3406,45
3407,38
3408,5
3409,40
3410,3
3411,3
3412,4
3413,27
3414,4
3415,35
3416,43
3417,9
3418,4
3419,9
3420,42
3421,5
3422,43
3423,32
3424,47
3425,10
3426,5
3427,9
3428,1
3429,27
3430,4
3431,39
3432,1
3433,27
3434,43
3435,17
3436,34
3437,15
3438,22
3439,10
3440,3
3441,12
3442,2
3443,38
3444,48
3445,18
3446,20
3447,34
3448,17
3449,45
3450,47
3451,11
3452,9
3453,33
3454,20
3455,17
3456,4
3457,3
3458,9
3459,34
3460,31
3461,36
3462,32
3463,18
3464,9
3465,11
3466,40
3467,36
3468,13
3469,30
3470,37
3471,42
3472,23
3473,9
3474,10
3475,4
3476,42
3477,25
3478,42
3479,37
3480,3
3481,4
3482,9
3483,32
3484,36
3485,42
3486,5
3487,37
3488,43
3489,34
3490,15
3491,33
3492,48
3493,44
3494,2
3495,11
3496,3
3497,37
3498,4
3499,35
3500,10
3501,35
3502,47
3503,42
3504,43
3505,44
3506,5
3507,44
3508,48
3509,31
3510,10
3511,9
3512,19
3513,43
3514,47
3515,40
3516,27
3517,44
3518,42
3519,10
3520,36
3521,12
3522,47
3523,4
3524,24
3525,33
3526,43
3527,4
3528,4
3529,3
3530,20
3531,10
3532,9
3533,9
3534,43
3535,33
3536,13
3537,49
3538,4
3539,22
3540,22
3541,32
3542,5
3543,50
3544,20
3545,42
3546,9
3547,40
3548,4
3549,23
3550,44
3551,44
3552,23
3553,25
3554,36
3555,14
4867,4
3557,31
3558,36
3559,36
3560,4
3561,42
3562,4
3563,3
3564,16
3565,45
3566,19
3567,40
3568,5
3569,4
3570,10
3571,4
3572,1
3573,9
3574,15
3575,13
3577,2
3577,2
3578,23
3579,35
3580,22
3581,1
3582,4
3583,1
3584,0
3585,5
3586,17
3587,22
3588,44
3589,5
3590,44
3591,16
3592,23
3593,11
3594,17
3595,47
3596,23
3597,21
3598,44
3599,9
3600,9
3601,33
3602,44
3603,4
3604,38
3605,4
3606,45
3607,10
3608,4
3609,33
3610,9
3611,35
3612,33
3613,10
3614,4
3615,2
3616,36
3617,34
3618,4
3619,10
3620,11
3621,5
3622,34
3623,2
3624,10
3625,24
3626,9
3627,9
3628,32
3629,9
3630,42
3631,4
3632,3
3633,35
3634,36
3635,40
4867,4
3637,45
3638,15
3639,38
3640,38
3641,35
3642,4
3643,9
3644,32
3645,11
3646,32
3647,4
3648,3
3649,9
3650,2
3651,9
3652,42
3653,15
3654,43
3655,3
4867,24
3657,43
3658,14
3659,6
3660,47
3661,12
3662,5
3663,27
3664,27
3665,35
3666,42
3667,43
3668,43
3669,34
3670,23
3671,4
3672,1
3673,26
3674,18
3675,43
3676,43
3677,43
3678,4
3679,4
3680,37
3681,4
3682,49
3683,37
3684,43
3685,47
3686,47
3687,36
3688,1
3689,16
3690,18
3691,43
3692,37
3693,3
3694,5
3695,15
3696,4
3697,4
3698,41
3699,4
3700,5
3701,43
3702,4
3703,43
3704,31
3705,5
3706,4
3707,3
3708,10
3709,24
3710,5
3711,2
3712,2
3713,36
3714,27
3715,20
3716,24
3717,23
3718,37
3719,42
3720,26
3721,33
3722,10
3723,3
3724,47
4867,32
3726,3
3727,15
3728,24
3729,3
3730,42
3731,41
3732,22
3733,43
3734,43
3735,31
3736,16
3737,33
3738,34
3739,4
3740,11
3741,43
3742,3
3743,43
3744,5
3745,3
3746,10
3747,4
3748,9
3749,14
3750,49
3751,45
3752,18
3753,5
3754,42
3755,25
3756,14
3757,47
3758,4
3759,43
3760,4
3761,42
3762,35
3763,4
3764,4
3765,45
3766,27
3767,36
3768,48
3769,40
3770,49
3771,17
3772,4
3773,35
3774,43
3775,43
3776,4
3777,0
3778,27
3779,4
3780,38
3781,4
3782,14
3783,14
3784,25
3785,4
3786,18
3787,11
3788,25
3789,47
3790,20
3791,6
3792,11
3793,2
3794,19
3795,49
3796,9
3797,43
3798,43
3799,4
3800,42
3801,42
3802,22
3803,24
3804,5
3805,10
3806,23
3807,40
3808,35
3809,43
3810,47
3811,5
3812,4
3813,11
3814,43
3815,27
3816,48
3817,17
3818,12
3819,4
3820,43
3821,43
3822,5
3823,4
3824,25
3825,36
3826,9
3827,49
3828,2
3829,47
3830,0
3831,10
3832,42
3833,3
3834,22
3835,43
3836,43
3837,4
3838,27
3839,4
3840,5
3841,20
3842,10
3843,9
3844,22
3845,4
3846,29
3847,38
3848,3
3849,36
3850,9
3851,25
3852,37
3853,33
3854,4
3855,9
3856,35
3857,18
3858,47
3859,9
3860,24
3861,38
3862,33
3863,43
3864,4
3865,27
3866,40
3867,20
3868,9
3869,27
3870,20
3871,40
3872,24
3873,43
3874,30
3875,43
3876,36
3877,18
3878,18
3879,4
3880,43
3881,9
3882,27
3883,27
3884,37
3885,3
3886,10
3887,0
3888,42
3889,10
3890,0
3891,4
3892,15
3893,4
3894,9
3895,40
3896,22
3897,4
3898,15
3899,42
3900,2
3901,42
3902,44
3903,5
3904,15
3905,17
3906,18
3907,4
3908,9
3909,9
3910,24
3911,43
3912,9
3913,3
3914,18
3915,3
3916,4
3917,43
3918,34
3919,29
3920,4
3921,37
3922,4
3923,42
3924,40
3925,47
3926,22
3927,49
3928,23
3929,4
3930,34
3931,27
3932,10
3933,6
3934,5
3935,2
3936,4
3937,26
3938,17
3939,5
3940,27
3941,5
3942,33
3943,43
3944,37
3945,3
3946,25
3947,49
3948,36
4867,4
3950,27
3951,9
3952,32
3953,45
3954,10
3955,43
3956,23
3957,47
3958,4
3959,3
3960,32
3961,3
3962,48
3963,25
3964,4
3965,4
3966,47
3967,3
3968,36
3969,14
3970,10
3971,46
3972,29
3973,4
3974,43
3975,20
3976,33
3977,9
3978,48
3979,17
3980,9
3981,43
3982,9
3983,18
3984,4
3985,3
3986,4
3987,3
3988,4
3989,32
3990,9
3991,36
3992,27
3993,47
3994,4
3995,21
3996,48
3997,40
3998,14
3999,34
4000,25
4001,16
4002,9
4003,43
4004,9
4005,24
4006,16
4007,14
4008,14
4009,27
4010,1
4011,43
4012,20
4013,21
4014,47
4015,36
4016,4
4017,18
4018,4
4019,42
4020,4
4021,34
4022,22
4023,20
4024,9
4025,32
4026,2
4027,27
4028,4
4029,4
4030,4
4031,4
4032,25
4033,4
4034,4
4035,24
4036,17
4037,42
4038,9
4039,4
4040,43
4041,37
4042,2
4043,4
4044,42
4045,36
4046,36
4047,36
4048,9
4049,43
4050,42
4051,43
4052,20
4053,2
4054,30
4055,47
4056,48
4057,1
4058,47
4059,15
4060,3
4061,0
4062,43
4063,32
4064,43
4065,47
4066,34
4067,43
4068,35
4069,4
4070,20
4071,35
4072,19
4073,9
4074,43
4075,43
4076,48
4077,45
4078,35
4079,9
4080,40
4081,17
4082,29
4083,4
4084,36
4085,4
4086,5
4087,42
4088,25
4089,43
4867,43
4091,43
4092,5
4093,25
4094,10
4095,9
4096,22
4097,23
4098,35
4099,15
4100,47
4101,12
4102,43
4103,4
4104,5
4105,10
4106,44
4107,24
4108,4
4109,4
4110,9
4111,20
4112,2
4113,9
4114,45
4115,35
4116,4
4117,27
4118,4
4119,4
4120,16
4121,9
4122,48
4123,47
4124,47
4125,9
4126,31
4127,9
4128,38
4129,43
4130,20
4131,44
4132,4
4133,10
4134,43
4135,43
4136,4
4137,36
4138,1
4139,5
4140,18
4141,43
4142,31
4143,43
4144,32
4145,47
4146,25
4147,1
4148,31
4149,38
4150,5
4151,18
4152,6
4153,38
4154,40
4155,9
4156,37
4157,44
4158,43
4159,12
4160,43
4161,4
4162,43
4163,49
4164,9
4165,23
4166,15
4167,5
4168,19
4169,33
4170,35
4171,1
4172,44
4173,42
4174,4
4175,2
4176,31
4177,49
4178,5
4179,38
4180,43
4181,25
4182,43
4183,24
4184,10
4185,4
4186,16
4187,24
4188,42
4189,17
4190,16
4191,27
4192,44
4193,15
4194,45
4195,15
4196,43
4197,4
4198,4
4199,43
4200,17
4867,4
4202,32
4203,35
4204,10
4205,44
4206,37
4207,4
4208,42
4209,2
4210,18
4211,1
4212,20
4213,16
4214,3
4215,24
4216,43
4217,5
4218,36
4219,13
4220,26
4221,43
4222,42
4223,48
4224,35
4225,13
4226,24
4227,6
4228,4
4229,23
4230,47
4231,36
4232,47
4233,3
4234,44
4235,12
4236,35
4867,43
4238,24
4239,4
4240,48
4241,43
4242,18
4243,43
4244,42
4245,36
4246,23
4247,7
4248,42
4249,43
4250,45
4251,34
4252,34
4253,37
4254,9
4255,42
4256,38
4257,4
4258,10
4259,5
4260,36
4261,50
4867,43
4263,4
4264,10
4265,27
4266,40
4267,18
4268,20
4269,40
4270,20
4271,5
4272,34
4273,24
4274,43
4275,4
4276,10
4277,49
4278,17
4279,14
4280,46
4281,36
4282,9
4283,43
4284,4
4285,4
4286,43
4287,36
4288,43
4289,29
4290,44
4291,36
4292,4
4293,32
4294,36
4295,43
4296,4
4297,9
4298,3
4299,43
4300,3
4301,18
4302,27
4303,10
4304,27
4305,4
4306,34
4307,13
4308,10
4309,45
4310,4
4311,34
4312,37
4313,2
4314,25
4315,13
4316,31
4317,9
4318,43
4319,24
4320,13
4321,35
4322,37
4323,33
4324,43
4325,43
4326,34
4327,15
4328,4
4329,27
4330,18
4331,42
4335,36
4333,34
4334,10
4335,36
4336,22
4337,48
4338,36
4339,4
4340,1
4341,4
4342,15
4343,20
4344,49
4345,4
4346,4
4347,9
4348,4
4349,10
4354,32
4351,5
4352,9
4353,43
4354,32
4355,17
4356,9
4357,47
4358,3
4359,3
4360,32
4361,48
4362,35
4363,24
4364,48
4365,43
4366,36
4367,36
4368,43
4369,27
4370,35
4371,17
4372,10
4373,35
4374,27
4375,47
4376,40
4377,5
4378,5
4379,9
4380,36
4381,11
4382,27
4383,9
4384,4
4385,43
4386,48
4387,27
4388,35
4389,3
4390,35
4391,47
4392,24
4393,25
4394,4
4395,4
4396,48
4397,14
4398,13
4399,10
4400,10
4401,33
4402,4
4403,47
4404,27
4405,40
4406,5
4407,22
4408,4
4409,26
4410,20
4411,42
4412,35
4413,24
4414,9
4415,38
4416,4
4417,9
4418,5
4867,47
4420,37
4421,31
4422,10
4423,4
4424,9
4425,9
4426,38
4427,9
4428,4
4429,43
4430,3
4431,36
4432,24
4433,34
4434,5
4435,43
4436,9
4437,9
4438,4
4439,5
4440,2
4441,2
4442,9
4443,37
4444,18
4445,12
4446,4
4447,40
4448,48
4449,31
4450,31
4451,1
4452,34
4453,38
4454,43
4455,24
4456,36
4457,4
4458,1
4459,47
4460,9
4461,9
4462,3
4463,22
4464,47
4465,48
4466,23
4467,35
4468,43
4469,11
4470,4
4471,4
4472,27
4473,9
4474,26
4475,11
4476,42
4477,4
4478,5
4479,27
4480,9
4481,34
4482,15
4483,27
4484,3
4485,44
4486,10
4487,34
4488,15
4489,38
4490,25
4491,3
4492,2
4493,43
4494,9
4495,36
4496,9
4497,10
4498,42
4499,9
4500,21
4501,20
4502,44
4503,45
4504,43
4505,42
4506,4
4507,35
4508,4
4509,41
4510,0
4511,4
4867,43
4513,16
4514,24
4515,3
4516,24
4517,2
4518,47
4519,29
4520,49
4521,45
4522,5
4523,4
4524,24
4525,33
4526,4
4527,14
4528,6
4529,14
4530,1
4531,9
4532,8
4533,43
4534,33
4535,36
4536,27
4537,3
4538,32
4539,11
4540,0
4541,24
4542,34
4543,28
4544,38
4545,1
4546,4
4547,47
4548,5
4549,10
4550,9
4551,4
4552,24
4553,5
4554,15
4555,43
4556,9
4557,9
4558,26
4559,27
4560,9
4561,10
4562,48
4563,33
4564,6
4565,10
4566,9
4567,6
4574,4
4569,3
4570,15
4571,2
4572,9
4573,48
4574,4
4575,43
4576,47
4577,5
4578,3
4579,36
4580,10
4581,43
4582,0
4583,9
4584,10
4585,31
4586,43
4587,4
4588,1
4589,5
4590,35
4591,3
4592,20
4593,40
4594,20
4595,3
4596,3
4597,17
4598,27
4599,34
4600,0
4601,35
4602,27
4603,25
4604,9
4605,9
4606,48
4607,21
4608,44
4609,43
4610,36
4611,4
4612,4
4613,33
4614,16
4615,9
4616,19
4617,36
4618,1
4619,47
4620,22
4621,14
4622,10
4623,2
4624,18
4625,1
4626,45
4627,20
4628,28
4629,44
4630,43
4631,37
4635,27
4633,5
4634,4
4635,27
4636,0
4637,19
4638,4
4639,9
4640,15
4641,42
4642,3
4643,9
4644,4
4645,35
4646,10
4647,5
4648,32
4649,48
4650,29
4651,43
4652,1
4653,43
4654,9
4655,5
4656,36
4657,23
4658,3
4659,9
4660,47
4661,48
4662,43
4663,33
4664,5
4665,4
4666,27
4667,43
4668,47
4669,2
4670,1
4671,45
4672,38
4673,35
4674,9
4675,36
4676,4
4677,35
4678,3
4679,4
4680,43
4681,23
4682,0
4683,4
4684,43
4685,4
4686,9
4687,0
4688,17
4689,20
4690,24
4691,36
4692,38
4693,3
4694,43
4695,42
4696,32
4697,17
4698,37
4699,5
4700,27
4701,4
4702,26
4703,45
4704,12
4705,43
4706,45
4707,38
4708,10
4709,18
4710,5
4711,43
4712,24
4713,34
4714,42
4715,9
4716,10
4717,45
4718,43
4719,4
4720,34
4721,47
4722,27
4723,43
4724,33
4725,2
4726,9
4727,27
4728,45
4729,34
4730,13
4731,3
4732,20
4733,17
4734,4
4735,32
4736,27
4737,25
4738,18
4739,37
4740,3
4741,43
4742,6
4743,30
4744,36
4745,19
4746,9
4747,1
4748,9
4749,42
4750,3
4751,12
4752,18
4753,43
4754,20
4755,40
4756,45
4757,42
4758,5
4759,37
4760,38
4761,38
4762,9
4763,15
4764,4
4765,4
4766,21
4767,29
4768,48
4769,10
4770,4
4771,26
4772,43
4773,1
4774,40
4775,4
4776,23
4777,33
4778,5
4779,33
4780,43
4781,40
4782,43
4783,31
4784,43
4785,4
4786,21
4787,10
4788,20
4789,3
4790,47
4791,33
4792,4
4793,15
4794,17
4795,5
4796,4
4797,47
4798,2
4799,47
4800,9
4801,27
4802,15
4803,9
4804,4
4805,43
4806,16
4807,36
4808,24
4809,4
4810,24
4811,33
4812,9
4813,43
4814,15
4815,27
4816,5
4817,4
4818,33
4819,15
4820,4
4821,43
4822,48
4823,20
4824,10
4825,5
4826,27
4827,4
4828,9
4830,27
4830,27
4831,43
4832,35
4833,43
4834,5
4835,25
4836,20
4837,10
4838,43
4839,47
4840,18
4841,2
4842,48
4843,1
4844,9
4845,42
4846,1
4847,3
4848,40
4849,44
4850,31
4851,43
4852,3
4853,22
4854,43
4855,9
4856,4
4857,9
4858,34
4859,4
4860,4
4861,18
4862,44
4863,5
4864,2
4865,9
4867,4
4867,4
4868,10
4869,9
4870,9
4871,37
4872,48
4873,17
4874,33
4875,2
4876,4
4877,34
4878,36
4879,40
4880,43
4881,2
4882,36
4883,34
4884,4
4885,4
4886,9
4887,42
4888,4
4889,4
4890,10
4891,15
4892,24
4893,24
4894,16
